-- phpMyAdmin SQL Dump
-- version 4.6.6
-- https://www.phpmyadmin.net/
--
-- Host: localhost
-- Generation Time: May 09, 2017 at 07:07 AM
-- Server version: 5.7.17
-- PHP Version: 5.6.30

SET SQL_MODE = "NO_AUTO_VALUE_ON_ZERO";
SET time_zone = "+00:00";


/*!40101 SET @OLD_CHARACTER_SET_CLIENT=@@CHARACTER_SET_CLIENT */;
/*!40101 SET @OLD_CHARACTER_SET_RESULTS=@@CHARACTER_SET_RESULTS */;
/*!40101 SET @OLD_COLLATION_CONNECTION=@@COLLATION_CONNECTION */;
/*!40101 SET NAMES utf8mb4 */;

--
-- Database: `matchall`
--

-- --------------------------------------------------------

--
-- Table structure for table `Product`
--

CREATE TABLE `Product` (
  `id` int(8) NOT NULL,
  `title` varchar(255) NOT NULL,
  `price` double(10,2) NOT NULL,
  `location` varchar(255) NOT NULL,
  `image` varchar(255) NOT NULL,
  `description` varchar(1024) NOT NULL
) ENGINE=MyISAM DEFAULT CHARSET=latin1;

--
-- Dumping data for table `Product`
--

INSERT INTO `Product` (`id`, `title`, `price`, `location`, `image`, `description`) VALUES
(1, '2009 BMW 650i - Want to Sell Quickly', 16500.00, 'Mountain View', 'car1.jpg', 0x4361722069732066756c6c792066756e6374696f6e616c20616e642077656c6c206d61696e7461696e65642e204e6f20656c656374726963206f72206d656368616e6963616c2070726f626c656d732e204d696e696d616c207369676e73206f6620776561722e203c62723e0d0a20202020202046697865642061206c6f74206f66207468696e6773206c696b65206f696c206c65616b732c20636f6f6c616e74206c65616b7320616e64207468727573742061726d2062757368696e67732e203c62723e0d0a202020202020436c65616e207469746c652c204865617465642073656174732c205061726b696e672073656e736f72732c204e617669676174696f6e616c2073797374656d2c204175746f2d64696d6d696e67206d6972726f72732e203c62723e0d0a20202020202049206861766520616e20657874656e6465642077617272616e74792c2063616e207472616e7366657220697420746f20796f7520666f7220616e206164646974696f6e616c2070726963652e203c62723e),
(2, '2004 Z06', 26700.00, 'Campbell', 'car2.jpg', 0x49206861766520746865206c6173742067656e65726174696f6e20633520636f7276657474652c20697427732032303034204d696c6c656e6e69756d2059656c6c6f77207768696368206973207072656d69756d20636f6c6f7220616e642074686579203c62723e0d0a202020206469646e2774206d616b65206d616e79206f662069742e20696620796f7520617265206c6f6f6b696e6720666f72207468697320636172207370656369666963616c6c7920796f7520616c7265616479206b6e6f77207468652032303034206d6f64656c206973203c62723e0d0a202020207468652062657374207965617220616e64206d696e7420636f6e646974696f6e2079656c6c6f772069732076657279206861726420746f2066696e642e203c62723e),
(3, '2015 Lexus CT 200h 16K Miles 1-owner Navigation/Backup | Hybrid ct200h', 23500.00, 'Santa Clara', 'car3.jpg', 0x342d57617920506f7765722046726f6e742050617373656e676572205365617420416e64204865617465642046726f6e74205365617473203c62723e0d0a20202020456c656374726f6368726f6d6963204175746f2d44696d6d696e67205265617276696577204d6972726f72203c62723e0d0a202020205365617420436f6d666f7274205061636b616765203c62723e0d0a20202020496e2d4461736820362d44697363204344204368616e676572203c62723e0d0a202020205261696e2d53656e73696e67205661726961626c6520496e7465726d697474656e7420576970657273203c62723e0d0a20202020476172616765204d656d6f7279203c62723e),
(4, '1978 Chevrolet Corvette Stingray Pace Car', 8500.00, 'San Jose', 'car4.jpg', 0x49206861766520612031393738205061636520436172206f726967696e616c207061696e742e2054686973206f6e6520697320612043412063617220776974682038344b206f726967696e616c206d696c65732e203c62723e0d0a2020202052756e7320616e64206472697665732077656c6c2e2053696c7665722074696e74656420742d746f70732c2073696c766572206c65617468657220696e746572696f722c2041432c20706f7765722077696e646f77732c204c2d383220656e67696e652c2041542e203c62723e0d0a2020202054686973206f6e652068616e646c657320616e64206472697665732077656c6c2e204765747320757020616e6420676f65732e203c62723e0d0a20202020486173206f726967696e616c206e756d62657273206d61746368696e6720656e67696e65207769746820616c6c2074686520636f72726563742073747566662e20536f6d6520636f736d6574696373206e65656465642e203c62723e),
(5, '2007 Toyota 4Runner Sport Edition, 4WD, V8, 4,7 L, Clean Title!', 19500.00, 'San Jose South', 'car5.jpg', 0x466f722073616c65206973206f757220776f6e64657266756c2066616d696c7920535556203230303720546f796f7461203452756e6e65722053706f72742045646974696f6e2e203c62723e0d0a202020202056382c20342c374c20656e67696e652e2057652061726520746865206f6e6c79206f776e6572732073696e6365206272616e64206e65772e20536f207765206861766520636c65616e204341207469746c6520696e2068616e642e203c62723e0d0a20202020204175746f6d61746963207472616e736d697373696f6e2e205665727920636c65616e207768697465206578746572696f722f636c6f746820696e746572696f7221203c62723e0d0a202020205065726665637420636f6e646974696f6e20636172212052756e7320616e642064726976657320677265617421203c62723e0d0a202020205665727920636c65616e20616e642077656c6c206d61696e7461696e65642c20676172616765206b6570742e203c62723e0d0a202020205065742f736d6f6b6520667265652e203c62723e0d0a20202020557365642061732061203372642063617220696e2074686520686f757365686f6c642073696e6365206272616e64206e657720616e6420697420686173206a7573742038364b206f726967696e616c206d696c6573206e6f772e203c62723e0d0a202020204a757374207365727669636564202d206368616e67656420746865206f696c2c206f696c2066696c7465722c206169722066696c7465722e20496e7374616c6c6564206e657720746972657320616e64206272616b6573206f6e2069742e203c62723e),
(6, '2005 Mini Cooper S. Super Low Mileage. Excellent Condition', 6999.00, 'San Jose South', 'car6.jpg', 0x436f6e646974696f6e3a20457863656c6c656e7420436f6e646974696f6e203c62723e0d0a20202020202046756c6c2053657276696365205265636f726420627920424d57206465616c6572732e203c62723e0d0a0d0a20202020202043796c696e646572733a20342063796c696e646572732e203c62723e0d0a2020202020204675656c3a20676173203c62723e0d0a2020202020204f646f6d657465723a203732313230206d696c6573203c62723e0d0a2020202020205061696e7420436f6c6f723a205768697465203c62723e0d0a2020202020205469746c65205374617475733a20436c65616e207469746c65203c62723e0d0a2020202020205472616e736d697373696f6e3a204175746f6d617469632e203c62723e),
(7, '2016 Audi A6 2.0T Premium Sedan *White*31k*Warranty', 27995.00, 'San Jose west', 'car7.jpg', 0x496e7465726e65742050726963653a202432382c3730302e3030203c62723e0d0a2020202020204f646f6d657465723a203331313435203c62723e0d0a2020202020204578746572696f7220436f6c6f723a2049626973205768697465203c62723e0d0a202020202020496e746572696f7220436f6c6f723a2042656967652e203c62723e0d0a202020202020446f6f72733a203420446f6f72203c62723e0d0a202020202020426f64797374796c653a20536564616e203c62723e0d0a202020202020456e67696e653a20322e302d6c69746572205446534920666f75722d63796c696e64657220656e67696e65203c62723e0d0a2020202020205472616e736d697373696f6e3a204175746f6d61746963203c62723e0d0a20202020202044726976656c696e653a20465744203c62723e0d0a2020202020204675656c3a205072656d69756d20556e6c6561646564203c62723e0d0a20202020202053746f636b20233a203134353535203c62723e0d0a20202020202056696e3a20574155434641464334474e303432373438203c62723e),
(8, '2014 Lexus IS250 Sedan *Loaded*31k*Warranty', 22995.00, 'San Jose West', 'car8.jpg', 0x496e7465726e65742050726963653a202432322c3939352e3030203c62723e0d0a2020202020204f646f6d657465723a203331343330203c62723e0d0a2020202020204578746572696f7220436f6c6f723a2041746f6d69632053696c766572203c62723e0d0a202020202020496e746572696f7220436f6c6f723a20426c61636b203c62723e0d0a202020202020446f6f72733a203420446f6f72203c62723e0d0a202020202020426f64797374796c653a20536564616e203c62723e0d0a202020202020456e67696e653a20562d362063796c203c62723e0d0a2020202020205472616e736d697373696f6e3a2036207370656564206175746f6d61746963203c62723e0d0a20202020202044726976656c696e653a20526561722d776865656c204472697665203c62723e0d0a2020202020204675656c3a205072656d69756d20556e6c6561646564203c62723e0d0a20202020202053746f636b20233a203134363233203c62723e0d0a20202020202056696e3a204a54484246314432384535303039303632203c62723e),
(9, '2014 BMW 535i M Sport Package Sedan *Navi*Loaded', 28500.00, 'San Jose West', 'car9.jpg', 0x496e7465726e65742050726963653a202432382c3530302e3030203c62723e0d0a2020202020204f646f6d657465723a203530343935203c62723e0d0a2020202020204578746572696f7220436f6c6f723a204461726b204772617068697465204d6574616c6c6963203c62723e0d0a202020202020496e746572696f7220436f6c6f723a20426c61636b2044616b6f7461203c62723e0d0a202020202020446f6f72733a203420446f6f72203c62723e0d0a202020202020426f64797374796c653a20536564616e203c62723e0d0a202020202020456e67696e653a20492d362063796c203c62723e0d0a2020202020205472616e736d697373696f6e3a2038207370656564206175746f6d61746963203c62723e0d0a20202020202044726976656c696e653a20526561722d776865656c204472697665203c62723e0d0a2020202020204675656c3a205072656d69756d20556e6c6561646564203c62723e0d0a20202020202053746f636b20233a203134363732203c62723e0d0a20202020202056696e3a205742413542314335304544343736363135203c62723e),
(10, '2011 Hyundai Elantra, Low-62K miles', 8900.00, 'San Jose West', 'car10.jpg', 0x32303131204879756e64616920456c616e7472612c20426c61636b2e203c62723e0d0a202020202020476f6f6420636f6e646974696f6e2e204c6f77206d696c65732e2054697265732061726520696e20676f6f6420636f6e646974696f6e2e203c62723e0d0a202020202020496e746572696f7220697320696e207665727920676f6f6420636f6e646974696f6e2c206175746f6d617469632e2036324b206d696c6573206f6e2069742e203c62723e0d0a202020202020477265617420676173206d696c6167652e2053656c6c696e67206265636175736520626f75676874206e6577206361722e203c62723e0d0a202020202020566572792072656c6961626c6520616e6420657863656c6c656e742072756e6e696e6720636f6e646974696f6e2e2050696e6b20736c697020696e2068616e642e203c62723e0d0a202020202020496620796f75206861766520616e79207175657374696f6e2063616c6c206f722074657874203c62723e);

-- --------------------------------------------------------

--
-- Table structure for table `Rating`
--

CREATE TABLE `Rating` (
  `userEmail` varchar(50) NOT NULL,
  `productId` int(8) NOT NULL,
  `rating` int(8) NOT NULL,
  `comments` varchar(1024) NOT NULL
) ENGINE=MyISAM DEFAULT CHARSET=latin1;

--
-- Dumping data for table `Rating`
--

INSERT INTO `Rating` (`userEmail`, `productId`, `rating`, `comments`) VALUES
('admin@group-all.com', 1, 1, 0x74657374696e6720313120),
('admin@group-all.com', 2, 5, 0x76657279206e636965),
('admin@group-all.com', 3, 3, 0x6e696365),
('coolprofsinn@group-all.com', 1, 4, 0x6e69636520636172),
('coolprofsinn@group-all.com', 2, 3, 0x6e69636520636f6c6f72),
('ducnguyen@group-all.com', 1, 4, 0x69206c696b65206974),
('admin@group-all.com', 3, 3, 0x6e6f742062616421),
('admin@group-all.com', 3, 3, 0x6e6f742062616421),
('admin@group-all.com', 3, 3, 0x6e6f742062616421),
('admin@group-all.com', 3, 3, 0x6e6f742062616421),
('admin@group-all.com', 3, 3, 0x6e6f742062616421),
('admin@group-all.com', 3, 3, 0x6e6f742062616421),
('admin@group-all.com', 3, 3, 0x6e6f742062616421),
('admin@group-all.com', 3, 3, 0x6e6f742062616421),
('Anonymous', 1, 4, 0x2066644653),
('Anonymous', 1, 4, 0x2066644653),
('Anonymous', 1, 4, 0x2066644653),
('Anonymous', 1, 4, 0x2066644653),
('Anonymous', 1, 4, 0x2066644653),
('Anonymous', 1, 4, 0x2066644653),
('Anonymous', 1, 4, 0x2066644653),
('admin@group-all.com', 1, 1, 0x74657374696e6720313120),
('Anonymous', 1, 4, 0x2066644653);

-- --------------------------------------------------------

--
-- Table structure for table `User`
--

CREATE TABLE `User` (
  `userEmail` varchar(50) NOT NULL,
  `userFirst` varchar(50) NOT NULL,
  `userLast` varchar(50) NOT NULL,
  `userGender` varchar(1) NOT NULL,
  `cellPhone` varchar(25) NOT NULL,
  `address` varchar(255) NOT NULL,
  `city` varchar(25) NOT NULL,
  `state` varchar(25) NOT NULL,
  `zip` varchar(25) NOT NULL,
  `homePhone` varchar(25) NOT NULL,
  `userRole` varchar(25) NOT NULL,
  `userPass` varchar(255) NOT NULL,
  `search` varchar(255) NOT NULL
) ENGINE=MyISAM DEFAULT CHARSET=latin1;

--
-- Dumping data for table `User`
--

INSERT INTO `User` (`userEmail`, `userFirst`, `userLast`, `userGender`, `cellPhone`, `address`, `city`, `state`, `zip`, `homePhone`, `userRole`, `userPass`, `search`) VALUES
('admin@group-all.com', 'admin', 'admin', 'M', '817-838-0505', '1246 Everett Avenue', 'San Jose', 'California', '95127', '817-237-4196', 'admin', 'admin@9', 'admin@group-all.com admin admin M 817-838-0505 1246 Everett Avenue San Jose California 95127 817-237-4196 admin'),
('coolprofsinn@group-all.com', 'Coolprof', 'Sinn', 'M', '817-834-5206', '1201 Forum Way South', 'Fort Worth', 'Texas', '76140', '817-551-1967', 'super', 'Coolprof1', 'coolprofsinn@group-all.com Coolprof Sinn M 817-834-5206 1201 Forum Way South Fort Worth Texas 76140 817-551-1967 super'),
('ducnguyen@group-all.com', 'Duc', 'Nguyen', 'M', '817-423-1995', '6430 Stream Side Court', 'Cummings', 'Georgia', '30041', '203-375-9757', 'user', 'Ducnguyen1', 'ducnguyen@group-all.com Duc Nguyen M 817-423-1995 6430 Stream Side Court Cummings Georgia 30041 203-375-9757 user'),
('davidjenkins@group-all.com', 'David', 'Jenkins', 'M', '817-573-4734', '412 Hillview Dr', 'Hurst', 'Texas', '76054', '817-282-0319', 'user', 'DavidJenkins1', 'davidjenkins@group-all.com David Jenkins M 817-573-4734 412 Hillview Dr Hurst Texas 76054 817-282-0319 user'),
('jessicawilliams@group-all.com', 'Jessica', 'Williams', 'F', '817-656-1436', '1120 Oakbend Lane', 'Keller', 'Texas', '76248', '817-431-3582', 'user', 'JessicaWilliams1', 'jessicawilliams@group-all.com Jessica Williams F 817-656-1436 1120 Oakbend Lane Keller Texas 76248 817-431-3582 user'),
('alexsmith@group-all.com', 'Alex', 'Smith', 'M', '817-589-2685', '1409 Lamplighter Lane', 'Fort Worth', 'Texas', '76134', '817-293-7282', 'user', 'AlexSmith1', 'alexsmith@group-all.com Alex Smith M 817-589-2685 1409 Lamplighter Lane Fort Worth Texas 76134 817-293-7282 user'),
('juliancrosby@group-all.com', 'Julian', 'Crosby', 'M', '817-730-7322', '7820 Sheridan Rd', 'Fort Worth', 'Texas', '76134', '817-293-1261', 'user', 'JulianCrosby1', 'juliancrosby@group-all.com Julian Crosby M 817-730-7322 7820 Sheridan Rd Fort Worth Texas 76134 817-293-1261 user'),
('jackelinesalbright@group-all.com', 'Jackeline', 'Albright', 'F', '817-536-9241', '7105 Plover Circle', 'Fort Worth', 'Texas', '76135', '817-237-4196', 'user', 'JacklineAlbright1', 'jackelinesalbright@group-all.com Jackeline Albright F 817-536-9241 7105 Plover Circle Fort Worth Texas 76135 817-237-4196 user'),
('johnsawyer@group-all.com', 'John', 'Sawyer', 'M', '817-306-4608', '6287 Renwood Dr', 'Fort Worth', 'Texas', '76140', '817-4781802', 'user', 'JohnSawyer1', 'johnsawyer@group-all.com John Sawyer M 817-306-4608 6287 Renwood Dr Fort Worth Texas 76140 817-4781802 user'),
('martinthomas@group-all.com', 'Martin', 'Thomas', 'M', '817-838-1600', '9109 Dove Ct', 'Fort Worth', 'Texas', '76126', '817-249-0088', 'user', 'MartinThomas1', 'martinthomas@group-all.com Martin Thomas M 817-838-1600 9109 Dove Ct Fort Worth Texas 76126 817-249-0088 user'),
('benjaminalbright@group-all.com', 'Benjamin', 'Albright', 'M', '409-267-3312', '7117 Deer Hollow Dr', 'Fort Worth', 'Texas', '76132', '817-292-2567', 'user', 'BenjaminAlbright1', 'benjaminalbright@group-all.com Benjamin Albright M 409-267-3312 7117 Deer Hollow Dr Fort Worth Texas 76132 817-292-2567 user'),
('marckcraford@group-all.com', 'Marck', 'Crawford', 'M', '817-267-3230', '4601 Deville Dr', 'N Richland Hills', 'Texas', '76180', '817-656-4987', 'user', 'MarckCrawford1', 'marckcraford@group-all.com Marck Crawford M 817-267-3230 4601 Deville Dr N Richland Hills Texas 76180 817-656-4987 user'),
('karlperry@group-all.com', 'Karl', 'Perry', 'M', '409-866-6262', '740 Bedford Ct', 'Hurst', 'Texas', '76053', '817-282-4016', 'user', 'KarlPerry1', 'karlperry@group-all.com Karl Perry M 409-866-6262 740 Bedford Ct Hurst Texas 76053 817-282-4016 user'),
('alicetimmons@group-all.com', 'Alice', 'Timmons', 'F', '817-460-5554', '637 Sandy Trail', 'Fort Worth', 'Texas', '76120', '817-366-9041_', 'user', 'AliceTimmons1', 'alicetimmons@group-all.com Alice Timmons F 817-460-5554 637 Sandy Trail Fort Worth Texas 76120 817-366-904 user'),
('ritathomas@group-all.com', 'Rita', 'Thomas', 'F', '936-336-3508', '427 Crestview Drive', 'Grapevine', 'Texas', '76051', '817-488-1034', 'user', 'RitaThomas1', 'ritathomas@group-all.com Rita Thomas F 936-336-3508 427 Crestview Drive Grapevine Texas 76051 817-488-1034 user'),
('paulcarter@group-all.com', 'Paul', 'Carter', 'M', '817-514-1120', '712 Admiralty Way', 'Fort Worth', 'Texas', '76108', '817-246-9828', 'user', 'PaulCarter1', 'paulcarter@group-all.com Paul Carter M 817-514-1120 712 Admiralty Way Fort Worth Texas 76108 817-246-9828 user'),
('georgejenkins@group-all.com', 'George', 'Jenkins', 'M', '972-539-1507', '3809 Shawnee Tr.', 'Fort Worth', 'Texas', '76135', '817-237-9644', 'user', 'GeorgeJenkins1', 'georgejenkins@group-all.com George Jenkins M 972-539-1507 3809 Shawnee Tr. Fort Worth Texas 76135 817-237-9644 user'),
('carolwilliams@group-all.com', 'Carol', 'Williams', 'F', '817-444-2895', '9848 Private Rd', 'Quinlan', 'Texas', '75475', '903-356-4082', 'user', 'CarolWilliams1', 'carolwilliams@group-all.com Carol Williams F 817-444-2895 9848 Private Rd Quinlan Texas 75475 903-356-4082 user'),
('mikehagin@group-all.com', 'Mike', 'Hagin', 'M', '972-335-2883', '6136 Walraven Cir', 'Fort Worth', 'Texas', '76133', '817-294-7099', 'user', 'MikeHagin1', 'mikehagin@group-all.com Mike Hagin M 972-335-2883 6136 Walraven Cir Fort Worth Texas 76133 817-294-7099 user'),
('crolinhopkins@group-all.com', 'Crolin ', 'Hopkins', 'F', '817-706-9806', '3479 Coronada Court', 'Fort Worth', 'Texas', '76116', '817-244-1805', 'user', 'CrolinHopins1', 'crolinhopkins@group-all.com Crolin Hopkins F 817-706-9806 3479 Coronada Court Fort Worth Texas 76116 817-244-1805 user'),
('phong@group-all.com', 'Phong', 'Dong', 'F', '408-324-3333', '123 Easter ave', 'Milpitas', 'California', '95035', '408-324-4444', 'user', 'Learn1', 'phong@group-all.com Phong Dong F 408-324-3333 408-324-4444 123 Easter ave Milpitas California 95035 user'),
('asdf@gmail.com', 'asdf', 'asdf', 'M', '847-123-4958', 'asdf', 'asdf', 'adsf', '11111', '847-123-4958', 'user', 'Aq1sw2de3', 'asdf@gmail.com asdf asdf M 847-123-4958 847-123-4958 asdf asdf adsf 11111 user'),
('test@email.com', 'test', 'test', 'f', '408-324-3333', '123 Easter ave', 'San Jose', 'ca', '95122', '408-324-3337', 'user', 'Test11', 'test@email.com test test f 408-324-3333 408-324-3337 123 Easter ave San Jose ca 95122 user'),
('test1@email.com', 'test', 'test', 'f', '408-324-3333', '123 Easter ave', 'San Jose', 'ca', '95122', '408-324-3337', 'user', 'Test11', 'test1@email.com test test f 408-324-3333 408-324-3337 123 Easter ave San Jose ca 95122 user'),
('test2@email.com', 'testa', 'testa', 'm', '408-324-3333', '123 Milpitas ave', 'San Jose', 'CA', '95035', '408-324-4444', 'user', 'Learn1', 'test2@email.com testa testa m 408-324-3333 408-324-4444 123 Milpitas ave San Jose CA 95035 user');

-- --------------------------------------------------------

--
-- Table structure for table `Users`
--

CREATE TABLE `Users` (
  `userEmail` varchar(50) NOT NULL,
  `userFirst` varchar(50) NOT NULL,
  `userLast` varchar(50) NOT NULL,
  `userGender` varchar(1) NOT NULL,
  `cellPhone` varchar(25) NOT NULL,
  `address` varchar(255) NOT NULL,
  `city` varchar(25) NOT NULL,
  `state` varchar(25) NOT NULL,
  `zip` varchar(25) NOT NULL,
  `userRole` varchar(25) NOT NULL,
  `userPass` varchar(255) NOT NULL,
  `search` varchar(255) NOT NULL,
  `photo` varchar(255) NOT NULL
) ENGINE=MyISAM DEFAULT CHARSET=latin1;

--
-- Dumping data for table `Users`
--

INSERT INTO `Users` (`userEmail`, `userFirst`, `userLast`, `userGender`, `cellPhone`, `address`, `city`, `state`, `zip`, `userRole`, `userPass`, `search`, `photo`) VALUES
('admin@group-all.com', 'admin', 'admin', 'M', '817-838-0505', '1246 Everett Avenue', 'San Jose', 'California', '95127', 'admin', 'admin@9', '', 'admin.jpg'),
('phong.dong@match-all.com', 'Phong', 'Dong', 'M', '408-564-2361', '3421 Court ave', 'San Jose', 'California', '95124', 'user', 'Phong1', '', 'phong.dong.jpg'),
('hoang.nguyen@match-all.com', 'Hoang', 'Nguyen', 'M', '408-234-5643', '2134 Bailey ave', 'San Jose', 'California', '91324', 'user', 'Hoang1', '', 'hoang.nguyen.jpg'),
('ducnguyen@group-all.com', 'Duc', 'Nguyen', 'M', '817-423-1995', '6430 Stream Side Court', 'Cummings', 'Georgia', '30041', 'user', 'Ducnguyen1', '', 'duc.nguyen.jpg'),
('tai.pham@match-all.com', 'Tai', 'Pham', 'M', '408-578-2342', '768 Capitol expressway', 'San Jose', 'California', '90214', 'user', 'Taipham1', '', 'tai.pham.jpg'),
('trung.huynh@match-all.com', 'Trung', 'Huynh', 'M', '408-563-8963', '765 Capitol ave', 'Milpitas', 'California', '95324', 'user', 'Trunghuynh1', '', 'trung.huynh.jpg'),
('tri.ninh@match-all.com', 'Tri', 'Ninh', 'M', '408-235-6579', '8978 3rd st', 'San Joe', 'California', '95649', 'user', 'Trininh1', '', 'tri.ninh.jpg');

/*!40101 SET CHARACTER_SET_CLIENT=@OLD_CHARACTER_SET_CLIENT */;
/*!40101 SET CHARACTER_SET_RESULTS=@OLD_CHARACTER_SET_RESULTS */;
/*!40101 SET COLLATION_CONNECTION=@OLD_COLLATION_CONNECTION */;
